{
  "version": "0.1.0",
  "method": "tabular_gaussian_ddpm_linear",
  "source_path": "datasets\\iris.csv",
  "timesteps": 100,
  "feature_count": 4,
  "numeric_columns": [
    "petal_length",
    "petal_width",
    "sepal_length",
    "sepal_width"
  ],
  "passthrough_columns": [
    "species"
  ],
  "means": [
    3.7580000000000027,
    1.199333333333334,
    5.843333333333335,
    3.057333333333334
  ],
  "stddevs": [
    1.7594040657753032,
    0.7596926279021594,
    0.8253012917851409,
    0.43441096773549437
  ],
  "mins": [
    1.0,
    0.1,
    4.3,
    2.0
  ],
  "maxs": [
    6.9,
    2.5,
    7.9,
    4.4
  ],
  "schedule": {
    "betas": [
      0.0001,
      0.00030101010101010105,
      0.000502020202020202,
      0.0007030303030303031,
      0.0009040404040404042,
      0.001105050505050505,
      0.0013060606060606062,
      0.0015070707070707072,
      0.0017080808080808083,
      0.0019090909090909093,
      0.00211010101010101,
      0.002311111111111111,
      0.002512121212121212,
      0.0027131313131313135,
      0.002914141414141414,
      0.0031151515151515152,
      0.0033161616161616163,
      0.003517171717171717,
      0.0037181818181818184,
      0.0039191919191919194,
      0.0041202020202020205,
      0.0043212121212121216,
      0.004522222222222223,
      0.004723232323232324,
      0.004924242424242425,
      0.005125252525252526,
      0.005326262626262628,
      0.005527272727272727,
      0.005728282828282829,
      0.00592929292929293,
      0.006130303030303031,
      0.006331313131313132,
      0.006532323232323233,
      0.006733333333333333,
      0.006934343434343434,
      0.007135353535353536,
      0.007336363636363637,
      0.0075373737373737384,
      0.007738383838383839,
      0.007939393939393939,
      0.00814040404040404,
      0.008341414141414141,
      0.008542424242424242,
      0.008743434343434343,
      0.008944444444444444,
      0.009145454545454545,
      0.009346464646464646,
      0.009547474747474747,
      0.009748484848484848,
      0.00994949494949495,
      0.01015050505050505,
      0.010351515151515151,
      0.010552525252525254,
      0.010753535353535354,
      0.010954545454545453,
      0.011155555555555556,
      0.011356565656565657,
      0.011557575757575758,
      0.011758585858585859,
      0.011959595959595958,
      0.012160606060606061,
      0.01236161616161616,
      0.012562626262626263,
      0.012763636363636364,
      0.012964646464646465,
      0.013165656565656566,
      0.013366666666666666,
      0.013567676767676768,
      0.013768686868686868,
      0.01396969696969697,
      0.014170707070707072,
      0.01437171717171717,
      0.014572727272727274,
      0.014773737373737373,
      0.014974747474747476,
      0.015175757575757575,
      0.015376767676767676,
      0.015577777777777779,
      0.015778787878787878,
      0.01597979797979798,
      0.01618080808080808,
      0.01638181818181818,
      0.016582828282828282,
      0.016783838383838384,
      0.016984848484848485,
      0.017185858585858586,
      0.017386868686868687,
      0.017587878787878788,
      0.01778888888888889,
      0.01798989898989899,
      0.01819090909090909,
      0.018391919191919192,
      0.018592929292929293,
      0.018793939393939394,
      0.018994949494949495,
      0.019195959595959596,
      0.019396969696969697,
      0.0195979797979798,
      0.0197989898989899,
      0.02
    ],
    "alphas": [
      0.9999,
      0.9996989898989899,
      0.9994979797979798,
      0.9992969696969697,
      0.9990959595959596,
      0.9988949494949495,
      0.9986939393939394,
      0.9984929292929293,
      0.9982919191919192,
      0.9980909090909091,
      0.997889898989899,
      0.9976888888888888,
      0.9974878787878788,
      0.9972868686868687,
      0.9970858585858586,
      0.9968848484848485,
      0.9966838383838383,
      0.9964828282828283,
      0.9962818181818182,
      0.9960808080808081,
      0.995879797979798,
      0.9956787878787878,
      0.9954777777777778,
      0.9952767676767676,
      0.9950757575757576,
      0.9948747474747475,
      0.9946737373737373,
      0.9944727272727273,
      0.9942717171717171,
      0.9940707070707071,
      0.993869696969697,
      0.9936686868686868,
      0.9934676767676768,
      0.9932666666666666,
      0.9930656565656566,
      0.9928646464646464,
      0.9926636363636364,
      0.9924626262626263,
      0.9922616161616161,
      0.9920606060606061,
      0.9918595959595959,
      0.9916585858585859,
      0.9914575757575758,
      0.9912565656565656,
      0.9910555555555556,
      0.9908545454545454,
      0.9906535353535354,
      0.9904525252525253,
      0.9902515151515151,
      0.9900505050505051,
      0.9898494949494949,
      0.9896484848484849,
      0.9894474747474747,
      0.9892464646464646,
      0.9890454545454546,
      0.9888444444444444,
      0.9886434343434344,
      0.9884424242424242,
      0.9882414141414141,
      0.988040404040404,
      0.9878393939393939,
      0.9876383838383839,
      0.9874373737373737,
      0.9872363636363637,
      0.9870353535353535,
      0.9868343434343434,
      0.9866333333333334,
      0.9864323232323232,
      0.9862313131313132,
      0.986030303030303,
      0.9858292929292929,
      0.9856282828282829,
      0.9854272727272727,
      0.9852262626262627,
      0.9850252525252525,
      0.9848242424242424,
      0.9846232323232323,
      0.9844222222222222,
      0.9842212121212122,
      0.984020202020202,
      0.9838191919191919,
      0.9836181818181818,
      0.9834171717171717,
      0.9832161616161617,
      0.9830151515151515,
      0.9828141414141414,
      0.9826131313131313,
      0.9824121212121212,
      0.9822111111111111,
      0.982010101010101,
      0.9818090909090909,
      0.9816080808080808,
      0.9814070707070707,
      0.9812060606060606,
      0.9810050505050505,
      0.9808040404040405,
      0.9806030303030303,
      0.9804020202020202,
      0.9802010101010101,
      0.98
    ],